{
    "names": {
        "AED":"דירהם איחוד האמירויות",
        "AFN":"אפגני אפגני",
        "ALL":"לק אלבני",
        "AMD":"דראם ארמני",
        "ANG":"גילדר אנטילי הולנדי",
        "AOA":"קוואנזה אנגולי",
        "ARS":"פזו ארגנטינאי",
        "AUD":"דולר אוסטרלי",
        "AWG":"פלורין ארובני",
        "AZN":"מאנאט אזרבייג'ני",
        "BAM":"מארק בר המרה בוסני-הרצגוביני",
        "BBD":"דולר ברבדי",
        "BDT":"טאקה בנגלדשי",
        "BGN":"לב בולגרי",
        "BHD":"דינר בחרייני",
        "BIF":"פרנק בורונדי",
        "BMD":"דולר ברמודה",
        "BND":"דולר ברוניי",
        "BOB":"בוליביאנו בוליבי",
        "BOV":"מבדול בוליבי",
        "BRL":"ריאל ברזילאי",
        "BSD":"דולר בהאמי",
        "BTN":"נגולטרום בהוטני",
        "BWP":"פולה בוצואני",
        "BYN":"רובל בלארוסי",
        "BZD":"דולר בליז",
        "CAD":"דולר קנדי",
        "CDF":"פרנק קונגולזי",
        "CHE":"אירו WIR",
        "CHF":"פרנק שוויצרי",
        "CHW":"פרנק WIR",
        "CLF":"יחידת חשבון צ'יליאנית (UF)",
        "CLP":"פזו צ'יליאני",
        "CNH":"יואן סיני (אופשור)",
        "CNY":"יואן סיני",
        "COP":"פזו קולומביאני",
        "COU":"יחידת ערך ריאלי קולומביאני",
        "CRC":"קולון קוסטה ריקני",
        "CUC":"פזו קובני להמרה",
        "CUP":"פזו קובני",
        "CVE":"אסקודו כף ורדה",
        "CZK":"קורונה צ'כית",
        "DJF":"פרנק ג'יבוטי",
        "DKK":"כתר דני",
        "DOP":"פזו דומיניקני",
        "DZD":"דינר אלג'ירי",
        "EGP":"לירה מצרית",
        "ERN":"נקפה אריתראי",
        "ETB":"ביר אתיופי",
        "EUR":"אירו",
        "FJD":"דולר פיג'י",
        "FKP":"לירה של איי פוקלנד",
        "GBP":"לירה שטרלינג",
        "GEL":"לארי גאורגי",
        "GHS":"סדי גאני",
        "GIP":"לירה גיברלטרית",
        "GMD":"דלאסי גמביאני",
        "GNF":"פרנק גינאי",
        "GTQ":"קצאל גואטמלי",
        "GYD":"דולר גיאני",
        "HKD":"דולר הונג קונגי",
        "HNL":"למפירה הונדורסי",
        "HRK":"קונה קרואטי",
        "HTG":"גורד האיטי",
        "HUF":"פורינט הונגרי",
        "IDR":"רופיה אינדונזית",
        "ILS":"שקל חדש",
        "INR":"רופי הודי",
        "IQD":"דינר עיראקי",
        "IRR":"ריאל איראני",
        "ISK":"כתר איסלנדי",
        "JMD":"דולר ג'מייקני",
        "JOD":"דינר ירדני",
        "JPY":"ין יפני",
        "KES":"שילינג קנייתי",
        "KGS":"סום קירגיזי",
        "KHR":"ריאל קמבודי",
        "KMF":"פרנק קומורי",
        "KPW":"וון צפון קוריאני",
        "KRW":"וון דרום קוריאני",
        "KWD":"דינר כוויתי",
        "KYD":"דולר איי קיימן",
        "KZT":"טנגה קזחסטני",
        "LAK":"קיפ לאי",
        "LBP":"לירה לבנונית",
        "LKR":"רופי סרי לנקי",
        "LRD":"דולר ליברי",
        "LSL":"לוטי לסותו",
        "LYD":"דינר לובי",
        "MAD":"דירהם מרוקאי",
        "MDL":"לאו מולדובני",
        "MGA":"אריארי מלגשי",
        "MKD":"דינר מקדוני",
        "MMK":"קיאט מיאנמרי",
        "MNT":"טוגרוג מונגולי",
        "MOP":"פטקה מקאו",
        "MRO":"אוגיה מאוריטני",
        "MUR":"רופי מאוריציני",
        "MWK":"קואצ'ה מלאווי",
        "MXN":"פזו מקסיקני",
        "MXV":"יחידת השקעה מקסיקנית",
        "MYR":"רינגיט מלזי",
        "MZN":"מטיקל מוזמביקי",
        "NAD":"דולר נמיבי",
        "NGN":"נאירה ניגרי",
        "NIO":"קורדובה ניקרגואה",
        "NOK":"כתר נורווגי",
        "NPR":"רופי נפאלי",
        "NZD":"דולר ניו זילנדי",
        "OMR":"ריאל עומאני",
        "PAB":"בלבואה פנמי",
        "PEN":"סול פרואני",
        "PGK":"קינה פפואה גינאה החדשה",
        "PHP":"פזו פיליפיני",
        "PKR":"רופי פקיסטני",
        "PLN":"זלוטי פולני",
        "PYG":"גוארני פרגוואי",
        "QAR":"ריאל קטרי",
        "RON":"לאו רומני",
        "RSD":"דינר סרבי",
        "RUB":"רובל רוסי",
        "RWF":"פרנק רואנדי",
        "SAR":"ריאל סעודי",
        "SBD":"דולר איי שלמה",
        "SCR":"רופי סיישלי",
        "SDG":"לירה סודנית",
        "SEK":"כתר שוודי",
        "SGD":"דולר סינגפורי",
        "SHP":"לירה סנט הלנה",
        "SLL":"לאונה סיירה לאונה",
        "SOS":"שילינג סומלי",
        "SRD":"דולר סורינאמי",
        "SSP":"לירה דרום סודנית",
        "STN":"דוברה סאו טומה ופרינסיפה (2018)",
        "SYP":"לירה סורית",
        "SZL":"לילנגני סווזי",
        "SVC":"קולון סלבדורי",
        "THB":"באט תאילנדי",
        "TJS":"סומוני טג'יקיסטני",
        "TND":"דינר טוניסאי",
        "TOP":"פאנגה טונגי",
        "TRY":"לירה טורקית",
        "TTD":"דולר טרינידד וטובגו",
        "TWD":"דולר טייוואני חדש",
        "TZS":"שילינג טנזני",
        "UAH":"הריבניה אוקראיני",
        "UGX":"שילינג אוגנדי",
        "USD":"דולר אמריקאי",
        "USN":"דולר אמריקאי (יום הבא)",
        "UYI":"פזו אורוגוואי (יחידות מדד)",
        "UYU":"פזו אורוגוואי",
        "UZS":"סום אוזבקיסטני",
        "VEF":"בוליבר ונצואלי",
        "VND":"דונג וייטנאמי",
        "VUV":"ואטו ונואטו",
        "WST":"טאלה סמואי",
        "XAF":"פרנק CFA מרכז אפריקאי",
        "XCD":"דולר מזרח קריבי",
        "XOF":"פרנק CFA מערב אפריקאי",
        "XPF":"פרנק CFP",
        "YER":"ריאל תימני",
        "ZAR":"ראנד דרום אפריקאי",
        "ZMW":"קואצ'ה זמבי",
        "ZWL":"דולר זימבבואי"
    }
}