{
    "fields": {
        "from": "מאת",
        "to": "אל",
        "subject": "נושא",
        "bodyContains": "תוכן ההודעה מכיל",
        "bodyContainsAll": "תוכן ההודעה מכיל את כל",
        "action": "פעולה",
        "isGlobal": "גלובלי",
        "emailFolder": "תיקייה",
        "groupEmailFolder": "תיקיית דואר קבוצתית",
        "markAsRead": "סמן כנקרא",
        "skipNotification": "דלג על התראה"
    },
    "links": {
        "emailFolder": "תיקייה",
        "groupEmailFolder": "תיקיית דואר קבוצתית"
    },
    "labels": {
        "Create EmailFilter": "צור מסנן דואר",
        "Emails": "הודעות דואר"
    },
    "options": {
        "action": {
            "None": "ללא",
            "Skip": "התעלם",
            "Move to Folder": "העבר לתיקייה",
            "Move to Group Folder": "העבר לתיקייה קבוצתית"
        }
    },
    "tooltips": {
        "name": "תן למסנן שם תיאורי.",
        "subject": "השתמש בתו * כתו כללי:\n\n * `text*` – מתחיל ב-text,\n * `*text*` – מכיל את text,\n * `*text` – מסתיים ב-text.",
        "bodyContains": "תוכן ההודעה מכיל אחת מהמילים או הביטויים שצוינו.",
        "bodyContainsAll": "תוכן ההודעה מכיל את כל המילים או הביטויים שצוינו.",
        "from": "הודעות שנשלחו מהכתובת המצוינת. השאר ריק אם לא נדרש. ניתן להשתמש בתו * כתו כללי.",
        "to": "הודעות שנשלחו לכתובת המצוינת. השאר ריק אם לא נדרש. ניתן להשתמש בתו * כתו כללי.",
        "isGlobal": "החל מסנן זה על כל ההודעות הנכנסות למערכת."
    }
}
