{
    "fields": {
        "name": "שם",
        "roles": "תפקידים",
        "layoutSet": "ערכת תצוגה",
        "workingTimeCalendar": "לוח זמנים לעבודה",
        "positionList": "רשימת משרות",
        "userRole": "תפקיד משתמש"
    },
    "links": {
        "users": "משתמשים",
        "notes": "הערות",
        "roles": "תפקידים",
        "layoutSet": "ערכת תצוגה",
        "workingTimeCalendar": "לוח זמנים לעבודה",
        "inboundEmails": "תיבות דוא\"ל קבוצתיות",
        "groupEmailFolders": "תיקיות דוא\"ל קבוצתיות"
    },
    "tooltips": {
        "workingTimeCalendar": "לוח שנה שיוחל על משתמשים שהצוות הזה מוגדר אצלם כצוות ברירת מחדל.",
        "layoutSet": "מאפשר שימוש בערכות תצוגה שונות מהרגיל. ערכת התצוגה תחול על משתמשים שהצוות הזה מוגדר אצלם כברירת מחדל.",
        "roles": "רמות גישה. משתמשי צוות זה יקבלו רמת גישה לפי התפקידים שנבחרו.",
        "positionList": "משרות זמינות בצוות זה. לדוגמה: איש מכירות, מנהל."
    },
    "labels": {
        "Create Team": "צור צוות"
    }
}
